{"cameraMode":{"drawMode":0,"name":"Shaded","section":"Shading Mode"},"sceneLighting":false,"audioPlay":false,"sceneViewState":{"m_AlwaysRefresh":false,"showFog":false,"showSkybox":false,"showFlares":false,"showImageEffects":false,"showParticleSystems":false,"showVisualEffectGraphs":true,"m_FxEnabled":true},"in2DMode":false,"pivot":{"x":-0.0010602474212646485,"y":0.9061015844345093,"z":0.04567158222198486},"rotation":{"x":-0.0041923560202121738,"y":0.9957475662231445,"z":-0.06912998855113983,"w":-0.06133348494768143},"size":1.2698712348937989,"orthographic":false}