{"cameraMode":{"drawMode":0,"name":"Shaded","section":"Shading Mode"},"sceneLighting":true,"audioPlay":false,"sceneViewState":{"m_AlwaysRefresh":false,"showFog":true,"showSkybox":true,"showFlares":true,"showImageEffects":true,"showParticleSystems":true,"showVisualEffectGraphs":true,"m_FxEnabled":true},"in2DMode":false,"pivot":{"x":1.2224130630493165,"y":0.31813907623291018,"z":1.0220189094543458},"rotation":{"x":-0.3246639370918274,"y":0.4684513211250305,"z":-0.19026842713356019,"w":-0.7993410229682922},"size":3.3770735263824465,"orthographic":false}