{"cameraMode":{"drawMode":0,"name":"Shaded","section":"Shading Mode"},"sceneLighting":false,"audioPlay":false,"sceneViewState":{"m_AlwaysRefresh":false,"showFog":true,"showSkybox":false,"showFlares":true,"showImageEffects":true,"showParticleSystems":true,"showVisualEffectGraphs":true,"m_FxEnabled":true},"in2DMode":false,"pivot":{"x":-3.5999999046325685,"y":7.909242153167725,"z":8.164811134338379},"rotation":{"x":-0.0013414822751656175,"y":0.996453583240509,"z":-0.0827060267329216,"w":-0.016142338514328004},"size":3.9544289112091066,"orthographic":false}