{"cameraMode":{"drawMode":0,"name":"Shaded","section":"Shading Mode"},"sceneLighting":true,"audioPlay":false,"sceneViewState":{"m_AlwaysRefresh":false,"showFog":true,"showSkybox":true,"showFlares":true,"showImageEffects":true,"showParticleSystems":true,"showVisualEffectGraphs":true,"m_FxEnabled":true},"in2DMode":false,"pivot":{"x":0.36290740966796877,"y":38.796138763427737,"z":36.97638702392578},"rotation":{"x":-0.024171065539121629,"y":-0.1056736633181572,"z":0.00256966520100832,"w":-0.9941077828407288},"size":77.64802551269531,"orthographic":false}