{"cameraMode":{"drawMode":0,"name":"Shaded","section":"Shading Mode"},"sceneLighting":true,"audioPlay":false,"sceneViewState":{"m_AlwaysRefresh":false,"showFog":true,"showSkybox":true,"showFlares":true,"showImageEffects":true,"showParticleSystems":true,"showVisualEffectGraphs":true,"m_FxEnabled":true},"in2DMode":false,"pivot":{"x":-0.011558964848518372,"y":1.150588035583496,"z":0.08803790807723999},"rotation":{"x":-0.04349648952484131,"y":0.8805049061775208,"z":-0.08239871263504029,"w":-0.4647970199584961},"size":0.8612696528434753,"orthographic":false}