{"cameraMode":{"drawMode":0,"name":"Shaded","section":"Shading Mode"},"sceneLighting":false,"audioPlay":false,"sceneViewState":{"m_AlwaysRefresh":false,"showFog":false,"showSkybox":false,"showFlares":false,"showImageEffects":false,"showParticleSystems":false,"showVisualEffectGraphs":true,"m_FxEnabled":true},"in2DMode":false,"pivot":{"x":0.028903722763061525,"y":1.1915298700332642,"z":0.011946558952331543},"rotation":{"x":0.006358959246426821,"y":0.9858695268630981,"z":-0.16295546293258668,"w":0.03845255821943283},"size":1.8461415767669678,"orthographic":false}