{"cameraMode":{"drawMode":0,"name":"Shaded","section":"Shading Mode"},"sceneLighting":false,"audioPlay":false,"sceneViewState":{"m_AlwaysRefresh":false,"showFog":false,"showSkybox":false,"showFlares":false,"showImageEffects":false,"showParticleSystems":false,"showVisualEffectGraphs":true,"m_FxEnabled":true},"in2DMode":false,"pivot":{"x":0.028903722763061525,"y":1.1915298700332642,"z":0.011946558952331543},"rotation":{"x":-0.0002939177502412349,"y":0.9995216131210327,"z":0.010186244733631611,"w":0.029980948194861413},"size":1.8461416959762574,"orthographic":false}